Node,Label
0,463ddf9381497084a0976daf3aaa4a7b
1,100eb3fa37ff3462a25540afddebc775
2,e123023b93b588304c0fc437bc93f131
3,8dc463111bc2f830ca84da54aab576ff
4,8053106ee2d02369b003b1f7c732e68f
5,ac7e21d28f2d4eaf32057ffdd1fd024c
6,891a3260db6e6877229883a7703bda08
7,b0691d4c5d378ee1d8d68f02dee487a8
8,5a6d0e7ca24726cdaac403854537f66c
9,d22f64cdc18a30dd5f44e22f48b1fc11
10,191b6746575c0f460c6733bc2126dc7c
11,463ddf9381497084a0976daf3aaa4a7b
12,100eb3fa37ff3462a25540afddebc775
13,3861995f39795e41516eaa3e9992853c
14,e5d2ed184680b45c3e53b483d410da34
15,6b46df4c389e44da851fcdc47960703b
16,bba623875756907ecdab0d60ec4135ea
17,584db34e4749c80fef7f777789926978
18,a0a657bd63423dc460293ffd21a3af9e
19,527150a42fabff4b320ba5ae0bc54b0f
20,f115ab093cc1e2e2631f5d540e4e4ed5
21,16a85f6842a1ce7b5d1d1ba3ba5ab23b
22,1b50656cbe962c82eae956436e21ee60
23,18301658406ff254d078cb36a740a80a
24,c3df8f39bc67483e0ea371d96e4b4db7
25,9cc1ed80fe6683bf35323cf0e6223c44
26,f200450a6a75cc88fd292cfc946ab5a1
27,cb403089986ab0bcd50a0b826a950e60
28,bf01d5512deb5dd60202b34b4f7ec1f0
29,f31b05f61a86e0470f3b6e3633ccfaf3
30,aeb6f2bee4edf33758ce743078c72cde
31,ea3e124bce093cb1d7678f57216c9fa7
32,1b50656cbe962c82eae956436e21ee60
33,18301658406ff254d078cb36a740a80a
34,3c517bde1e34049fcc69d8c8d2205b69
35,e50fec9f1e552d0b197efc6d4cac69bf
36,0cb72b4d9e73b9c389629f180393c41e
37,f9ea4adea2fc18b2c6e6a827ef87e3cf
38,8ab22810d003a4d498c85790012d79d2
39,1ec3459f70a18b271e1e6605faf1c431
40,aeb6f2bee4edf33758ce743078c72cde
41,ea3e124bce093cb1d7678f57216c9fa7
